ma_phan_lo,ten_phan_lo,nha_thau_trung_thau,danh_muc_hang_hoa,ky_ma_hieu,nhan_hieu,hang_san_xuat,mat_hang_du_thau,don_vi_tinh,khoi_luong,xuat_xu,nam_san_xuat,tinh_nang_ky_thuat,don_gia_trung_thau,thanh_tien,ma_tbmt,so_qd,version
PP2400548937,Phần 3: Dụng cụ chấn thương và dụng cụ khác,CÔNG TY TNHH MTV THIẾT BỊ Y TẾ THANH LỘC PHÁT,Nẹp xương đòn chữ S,"52-1-6,
52-2-6",Orthon Innovations - Pakistan,Orthon Innovations,,Cái,5,Pakistan,2023 trở về sau,"Dày 3,0mm; rộng 10,0mm
Có 6 lỗ  
Chất liệu thép không gỉ",545000,2725000,IB2400610688,KQ2400610688,00-00
PP2400548937,Phần 3: Dụng cụ chấn thương và dụng cụ khác,CÔNG TY TNHH MTV THIẾT BỊ Y TẾ THANH LỘC PHÁT,Nẹp xương đòn chữ S,"52-1-7,
52-2-7",Orthon Innovations - Pakistan,Orthon Innovations,,Cái,5,Pakistan,2023 trở về sau,"Dày 3,0mm; rộng 10,0mm
Có 7 lỗ 
Chất liệu thép không gỉ",545000,2725000,IB2400610688,KQ2400610688,00-00
PP2400548937,Phần 3: Dụng cụ chấn thương và dụng cụ khác,CÔNG TY TNHH MTV THIẾT BỊ Y TẾ THANH LỘC PHÁT,Nẹp xương đòn chữ S,"52-1-8,
52-2-8",Orthon Innovations - Pakistan,Orthon Innovations,,Cái,5,Pakistan,2023 trở về sau,"Dày 3,0mm; rộng 10,0mm
Có 8 lỗ 
Chất liệu thép không gỉ",545000,2725000,IB2400610688,KQ2400610688,00-00
PP2400548937,Phần 3: Dụng cụ chấn thương và dụng cụ khác,CÔNG TY TNHH MTV THIẾT BỊ Y TẾ THANH LỘC PHÁT,Nẹp xương đòn chữ S,"52-1-8,
52-2-8",Orthon Innovations - Pakistan,Orthon Innovations,,Cái,5,Pakistan,2023 trở về sau,"Dày 3,0mm; rộng 10,0mm
Có 8 lỗ  
Chất liệu thép không gỉ",545000,2725000,IB2400610688,KQ2400610688,00-00
PP2400548937,Phần 3: Dụng cụ chấn thương và dụng cụ khác,CÔNG TY TNHH MTV THIẾT BỊ Y TẾ THANH LỘC PHÁT,Nẹp đầu dưới xương chày mặt bên,"140-1-6,
140-2-6",Orthon Innovations - Pakistan,Orthon Innovations,,Cái,10,Pakistan,2023 trở về sau,"Dày 3,0mm
Có 6 lỗ trái, phải
Chất liệu thép không gỉ",1300000,13000000,IB2400610688,KQ2400610688,00-00
PP2400548937,Phần 3: Dụng cụ chấn thương và dụng cụ khác,CÔNG TY TNHH MTV THIẾT BỊ Y TẾ THANH LỘC PHÁT,Nẹp đầu dưới xương chày mặt bên,"140-1-7,
140-2-7",Orthon Innovations - Pakistan,Orthon Innovations,,Cái,10,Pakistan,2023 trở về sau,"Dày 3,0mm
Có 7 lỗ trái, phải
Chất liệu thép không gỉ",1300000,13000000,IB2400610688,KQ2400610688,00-00
