ma_tbmt,so_qd,version,ma_phan_lo,danh_muc_hang_hoa,nha_thau_trung_thau,khoi_luong,don_gia_trung_thau,ten_phan_lo,ky_ma_hieu,nhan_hieu,hang_san_xuat
IB2400610688,KQ2400610688,00-00,PP2400548937,Nẹp MC-DCP bản nhỏ,CÔNG TY TNHH MTV THIẾT BỊ Y TẾ THANH LỘC PHÁT,3,365000,Phần 3: Dụng cụ chấn thương và dụng cụ khác,"77-1-4, 77-1-5, 
77-1-6, 77-1-7, 
77-1-8, 77-1-9, 
77-1-10, 77-1-12",Orthon Innovations - Pakistan,Orthon Innovations
IB2400610688,KQ2400610688,00-00,PP2400548937,Nẹp MC-DCP bản nhỏ,CÔNG TY TNHH MTV THIẾT BỊ Y TẾ THANH LỘC PHÁT,3,365000,Phần 3: Dụng cụ chấn thương và dụng cụ khác,"77-1-4, 77-1-5, 
77-1-6, 77-1-7, 
77-1-8, 77-1-9, 
77-1-10, 77-1-12",Orthon Innovations - Pakistan,Orthon Innovations
IB2400610688,KQ2400610688,00-00,PP2400548937,Nẹp mini thẳng dùng cho vít 2.0mm,CÔNG TY TNHH MTV THIẾT BỊ Y TẾ THANH LỘC PHÁT,3,410000,Phần 3: Dụng cụ chấn thương và dụng cụ khác,"96-1-4, 96-1-5, 
96-1-6, 96-1-7, 
96-1-8",Orthon Innovations - Pakistan,Orthon Innovations
IB2400610688,KQ2400610688,00-00,PP2400548937,Nẹp mini thẳng dùng cho vít 2.0mm,CÔNG TY TNHH MTV THIẾT BỊ Y TẾ THANH LỘC PHÁT,3,410000,Phần 3: Dụng cụ chấn thương và dụng cụ khác,"96-1-4, 96-1-5, 
96-1-6, 96-1-7, 
96-1-8",Orthon Innovations - Pakistan,Orthon Innovations
IB2400610688,KQ2400610688,00-00,PP2400548937,Nẹp móc xương đòn,CÔNG TY TNHH MTV THIẾT BỊ Y TẾ THANH LỘC PHÁT,3,600000,Phần 3: Dụng cụ chấn thương và dụng cụ khác,"54-1-3, 54-1-4, 
54-1-5, 54-1-6, 
54-1-7, 54-1-8, 
54-2-3, 54-2-4, 
54-2-5, 54-2-6, 
54-2-7, 54-2-8",Orthon Innovations - Pakistan,Orthon Innovations
IB2400610688,KQ2400610688,00-00,PP2400548937,Nẹp móc xương đòn,CÔNG TY TNHH MTV THIẾT BỊ Y TẾ THANH LỘC PHÁT,3,600000,Phần 3: Dụng cụ chấn thương và dụng cụ khác,"54-1-3, 54-1-4, 
54-1-5, 54-1-6, 
54-1-7, 54-1-8, 
54-2-3, 54-2-4, 
54-2-5, 54-2-6, 
54-2-7, 54-2-8",Orthon Innovations - Pakistan,Orthon Innovations
IB2400610688,KQ2400610688,00-00,PP2400548937,Nẹp xương đòn chữ S,CÔNG TY TNHH MTV THIẾT BỊ Y TẾ THANH LỘC PHÁT,5,545000,Phần 3: Dụng cụ chấn thương và dụng cụ khác,"52-1-6,
52-2-6",Orthon Innovations - Pakistan,Orthon Innovations
IB2400610688,KQ2400610688,00-00,PP2400548937,Nẹp xương đòn chữ S,CÔNG TY TNHH MTV THIẾT BỊ Y TẾ THANH LỘC PHÁT,5,545000,Phần 3: Dụng cụ chấn thương và dụng cụ khác,"52-1-7,
52-2-7",Orthon Innovations - Pakistan,Orthon Innovations
IB2400610688,KQ2400610688,00-00,PP2400548937,Nẹp xương đòn chữ S,CÔNG TY TNHH MTV THIẾT BỊ Y TẾ THANH LỘC PHÁT,5,545000,Phần 3: Dụng cụ chấn thương và dụng cụ khác,"52-1-8,
52-2-8",Orthon Innovations - Pakistan,Orthon Innovations
IB2400610688,KQ2400610688,00-00,PP2400548937,Nẹp xương đòn chữ S,CÔNG TY TNHH MTV THIẾT BỊ Y TẾ THANH LỘC PHÁT,5,545000,Phần 3: Dụng cụ chấn thương và dụng cụ khác,"52-1-6,
52-2-6",Orthon Innovations - Pakistan,Orthon Innovations
IB2400610688,KQ2400610688,00-00,PP2400548937,Nẹp xương đòn chữ S,CÔNG TY TNHH MTV THIẾT BỊ Y TẾ THANH LỘC PHÁT,5,545000,Phần 3: Dụng cụ chấn thương và dụng cụ khác,"52-1-7,
52-2-7",Orthon Innovations - Pakistan,Orthon Innovations
IB2400610688,KQ2400610688,00-00,PP2400548937,Nẹp xương đòn chữ S,CÔNG TY TNHH MTV THIẾT BỊ Y TẾ THANH LỘC PHÁT,5,545000,Phần 3: Dụng cụ chấn thương và dụng cụ khác,"52-1-8,
52-2-8",Orthon Innovations - Pakistan,Orthon Innovations
IB2400610688,KQ2400610688,00-00,PP2400548937,Nẹp đầu dưới xương chày mặt bên,CÔNG TY TNHH MTV THIẾT BỊ Y TẾ THANH LỘC PHÁT,10,1300000,Phần 3: Dụng cụ chấn thương và dụng cụ khác,"140-1-6,
140-2-6",Orthon Innovations - Pakistan,Orthon Innovations
IB2400610688,KQ2400610688,00-00,PP2400548937,Nẹp đầu dưới xương chày mặt bên,CÔNG TY TNHH MTV THIẾT BỊ Y TẾ THANH LỘC PHÁT,10,1300000,Phần 3: Dụng cụ chấn thương và dụng cụ khác,"140-1-7,
140-2-7",Orthon Innovations - Pakistan,Orthon Innovations
IB2400610688,KQ2400610688,00-00,PP2400548937,Panh hình tim dài 20cm,CÔNG TY TNHH MTV THIẾT BỊ Y TẾ THANH LỘC PHÁT,10,75000,Phần 3: Dụng cụ chấn thương và dụng cụ khác,6-317,Goldtier - Pakistan,Goldtier
IB2400610688,KQ2400610688,00-00,PP2400548937,Panh hình tim dài 20cm,CÔNG TY TNHH MTV THIẾT BỊ Y TẾ THANH LỘC PHÁT,10,75000,Phần 3: Dụng cụ chấn thương và dụng cụ khác,6-317,Goldtier - Pakistan,Goldtier
IB2400610688,KQ2400610688,00-00,PP2400548937,Vít xương cứng 3.5mm bước ren 1.75mm,CÔNG TY TNHH MTV THIẾT BỊ Y TẾ THANH LỘC PHÁT,100,37000,Phần 3: Dụng cụ chấn thương và dụng cụ khác,"35-8-3-10, 35-8-3-12, 
35-8-3-14, 35-8-3-16, 
35-8-3-18, 35-8-3-20, 
35-8-3-22, 35-8-3-24, 
35-8-3-26, 35-8-3-28, 
35-8-3-30, 35-8-3-32, 
35-8-3-34, 35-8-3-36, 
35-8-3-38, 35-8-3-40, 
35-8-3-42, 35-8-3-44, 
35-8-3-46, 35-8-3-48, 
35-8-3-50",Orthon Innovations - Pakistan,Orthon Innovations
IB2400610688,KQ2400610688,00-00,PP2400548937,Vít xương cứng 3.5mm bước ren 1.75mm,CÔNG TY TNHH MTV THIẾT BỊ Y TẾ THANH LỘC PHÁT,100,37000,Phần 3: Dụng cụ chấn thương và dụng cụ khác,"35-8-3-10, 35-8-3-12, 
35-8-3-14, 35-8-3-16, 
35-8-3-18, 35-8-3-20, 
35-8-3-22, 35-8-3-24, 
35-8-3-26, 35-8-3-28, 
35-8-3-30, 35-8-3-32, 
35-8-3-34, 35-8-3-36, 
35-8-3-38, 35-8-3-40, 
35-8-3-42, 35-8-3-44, 
35-8-3-46, 35-8-3-48, 
35-8-3-50",Orthon Innovations - Pakistan,Orthon Innovations
